{"cameraMode":{"drawMode":0,"name":"Shaded","section":"Shading Mode"},"sceneLighting":false,"audioPlay":false,"sceneViewState":{"m_AlwaysRefresh":false,"showFog":true,"showSkybox":false,"showFlares":true,"showImageEffects":true,"showParticleSystems":true,"showVisualEffectGraphs":true,"m_FxEnabled":true},"in2DMode":false,"pivot":{"x":1.2400000095367432,"y":1.0499999523162842,"z":6.449999809265137},"rotation":{"x":0.0008235009154304862,"y":-0.9991539716720581,"z":0.02429361641407013,"w":0.0335908867418766},"size":1.4361406564712525,"orthographic":false}