{"cameraMode":{"drawMode":0,"name":"Shaded","section":"Shading Mode"},"sceneLighting":true,"audioPlay":false,"sceneViewState":{"m_AlwaysRefresh":false,"showFog":true,"showSkybox":true,"showFlares":true,"showImageEffects":true,"showParticleSystems":true,"showVisualEffectGraphs":true,"m_FxEnabled":true},"in2DMode":false,"pivot":{"x":5.600599765777588,"y":-8.627508163452149,"z":13.791372299194336},"rotation":{"x":-0.0013734310632571579,"y":-0.7506134510040283,"z":0.6607457995414734,"w":-0.001557546784169972},"size":17.086997985839845,"orthographic":false}