{"cameraMode":{"drawMode":0,"name":"Shaded","section":"Shading Mode"},"sceneLighting":false,"audioPlay":false,"sceneViewState":{"m_AlwaysRefresh":false,"showFog":true,"showSkybox":true,"showFlares":true,"showImageEffects":true,"showParticleSystems":true,"showVisualEffectGraphs":true,"m_FxEnabled":true},"in2DMode":false,"pivot":{"x":1221.863525390625,"y":545.8607177734375,"z":0.10588115453720093},"rotation":{"x":0.20872701704502107,"y":0.5847495794296265,"z":-0.1590048372745514,"w":0.7676058411598206},"size":1039.4910888671875,"orthographic":false}