{"cameraMode":{"drawMode":0,"name":"Shaded","section":"Shading Mode"},"sceneLighting":false,"audioPlay":false,"sceneViewState":{"m_AlwaysRefresh":false,"showFog":true,"showSkybox":true,"showFlares":true,"showImageEffects":true,"showParticleSystems":true,"showVisualEffectGraphs":true,"m_FxEnabled":true},"in2DMode":false,"pivot":{"x":-19.93791389465332,"y":26.74776268005371,"z":-25.874025344848634},"rotation":{"x":-0.0009188262047246099,"y":-0.9835094213485718,"z":0.18080805242061616,"w":-0.004994488321244717},"size":106.400634765625,"orthographic":false}