{"cameraMode":{"drawMode":0,"name":"Shaded","section":"Shading Mode"},"sceneLighting":false,"audioPlay":false,"sceneViewState":{"m_AlwaysRefresh":false,"showFog":true,"showSkybox":true,"showFlares":true,"showImageEffects":true,"showParticleSystems":true,"showVisualEffectGraphs":true,"m_FxEnabled":true},"in2DMode":false,"pivot":{"x":-42.570762634277347,"y":7.679930210113525,"z":63.96014404296875},"rotation":{"x":-0.04285690560936928,"y":-0.9566775560379028,"z":0.18776968121528626,"w":-0.21834911406040193},"size":20.969682693481447,"orthographic":false}