{"cameraMode":{"drawMode":0,"name":"Shaded","section":"Shading Mode"},"sceneLighting":true,"audioPlay":false,"sceneViewState":{"m_AlwaysRefresh":false,"showFog":true,"showSkybox":true,"showFlares":true,"showImageEffects":true,"showParticleSystems":true,"showVisualEffectGraphs":true,"m_FxEnabled":true},"in2DMode":false,"pivot":{"x":-0.27916526794433596,"y":-14.877599716186524,"z":38.739662170410159},"rotation":{"x":0.18267974257469178,"y":0.7872205376625061,"z":-0.2765302360057831,"w":0.5200492739677429},"size":39.72241973876953,"orthographic":false}