{"cameraMode":{"drawMode":0,"name":"Shaded","section":"Shading Mode"},"sceneLighting":false,"audioPlay":false,"sceneViewState":{"m_AlwaysRefresh":false,"showFog":true,"showSkybox":true,"showFlares":true,"showImageEffects":true,"showParticleSystems":true,"showVisualEffectGraphs":true,"m_FxEnabled":true},"in2DMode":false,"pivot":{"x":32.25884246826172,"y":52.72772979736328,"z":-34.33927917480469},"rotation":{"x":0.0054871514439582829,"y":0.7879385948181152,"z":-0.6157116889953613,"w":0.007020001299679279},"size":44.376346588134769,"orthographic":false}