{"cameraMode":{"drawMode":0,"name":"Shaded","section":"Shading Mode"},"sceneLighting":false,"audioPlay":false,"sceneViewState":{"m_AlwaysRefresh":false,"showFog":true,"showSkybox":true,"showFlares":true,"showImageEffects":true,"showParticleSystems":true,"showVisualEffectGraphs":true,"m_FxEnabled":true},"in2DMode":false,"pivot":{"x":16.68588638305664,"y":0.9207227230072022,"z":97.41016387939453},"rotation":{"x":0.10098134726285935,"y":0.4241749346256256,"z":-0.047663427889347079,"w":0.8986703157424927},"size":11.310613632202149,"orthographic":false}